{ "stream":"snd/sprite", "sprite": { "silence": [ 0, 100, true ], "BadConnect": [ 200, 532.3809523809524 ], "BtnSound": [ 1299.9999999999998, 80.31746031746034 ], "ConnectSound": [ 2400, 91.42857142857164 ], "Hint": [ 3500, 918.5034013605442 ], "RepeatConnect": [ 4600, 327.2562358276643 ], "WasWord": [ 5699.999999999999, 1123.2653061224491 ], "Win": [ 7800, 1152.925170068028 ], "Word": [ 9900, 1017.9591836734687 ], "fon": [ 12000, 113684.21768707484 ] } }
